[{"name": "t2_a001", "position": {"x": 0.0, "y": 0.0, "z": 0.0}, "rotation": {"x": 0.0, "y": 0.0, "z": 0.0}, "scale": {"x": 1.0, "y": 1.0, "z": 1.0}, "offSetUV": null, "tag": "estate", "type": "object"}, {"name": "baseboard_bath_01", "tiling": {"x": 2.2, "y": 2.2}, "offSet": {"x": -0.27, "y": -0.27}, "tag": "bath_01", "type": "baseboard", "floor": "estate"}, {"name": "baseboard_bed_01", "tiling": {"x": 2.2, "y": 2.2}, "offSet": {"x": -0.27, "y": -0.27}, "tag": "bed_01", "type": "baseboard", "floor": "estate"}, {"name": "baseboard_hall_01", "tiling": {"x": 2.2, "y": 2.2}, "offSet": {"x": -0.27, "y": -0.27}, "tag": "hall_01", "type": "baseboard", "floor": "estate"}, {"name": "baseboard_kitchen_01", "tiling": {"x": 2.2, "y": 2.2}, "offSet": {"x": -0.27, "y": -0.27}, "tag": "kitchen_01", "type": "baseboard", "floor": "estate"}, {"name": "baseboard_living_01", "tiling": {"x": 2.2, "y": 2.2}, "offSet": {"x": -0.27, "y": -0.27}, "tag": "living_01", "type": "baseboard", "floor": "estate"}, {"name": "curtain_01", "tiling": {"x": 4.0, "y": 4.0}, "offSet": {"x": -0.38, "y": -0.38}, "tag": "living_01", "type": "curtain", "floor": "estate"}, {"name": "curtain_02", "tiling": {"x": 4.0, "y": 4.0}, "offSet": {"x": -0.38, "y": -0.38}, "tag": "bed_01", "type": "curtain", "floor": "estate"}, {"name": "curtain_03", "tiling": {"x": 4.0, "y": 4.0}, "offSet": {"x": -0.38, "y": -0.38}, "tag": "living_01", "type": "curtain", "floor": "estate"}, {"name": "ground_bath_01", "tiling": {"x": 2.2, "y": 2.2}, "offSet": {"x": -0.27, "y": -0.27}, "tag": "bath_01", "type": "floor_stone", "floor": "estate"}, {"name": "ground_bed_01", "tiling": {"x": 2.2, "y": 2.2}, "offSet": {"x": -0.27, "y": -0.27}, "tag": "bed_01", "type": "floor_stone", "floor": "estate"}, {"name": "ground_hall_01", "tiling": {"x": 2.2, "y": 2.2}, "offSet": {"x": -0.27, "y": -0.27}, "tag": "hall_01", "type": "floor_stone", "floor": "estate"}, {"name": "ground_kitchen_01", "tiling": {"x": 2.2, "y": 2.2}, "offSet": {"x": -0.27, "y": -0.27}, "tag": "kitchen_01", "type": "floor_stone", "floor": "estate"}, {"name": "ground_living_01", "tiling": {"x": 2.2, "y": 2.2}, "offSet": {"x": -0.27, "y": -0.27}, "tag": "living_01", "type": "floor_stone", "floor": "estate"}, {"name": "ground_shower_01", "tiling": {"x": 2.2, "y": 2.2}, "offSet": {"x": -0.27, "y": -0.27}, "tag": "shower_01", "type": "floor_stone", "floor": "estate"}, {"name": "ground_terrace_01", "tiling": {"x": 2.2, "y": 2.2}, "offSet": {"x": -0.27, "y": -0.27}, "tag": "terrace_01", "type": "floor_stone", "floor": "estate"}, {"name": "wallpaint_01", "position": {"x": 0.0, "y": 1.14999986, "z": -0.00707102}, "rotation": {"x": 90.0, "y": 0.0, "z": 0.0}, "scale": {"x": 1.0, "y": 1.0, "z": 1.0}, "offSetUV": null, "tag": "living_01", "type": "object"}, {"name": "wallpaint_02", "position": {"x": 0.0, "y": 1.14999986, "z": -0.00707102}, "rotation": {"x": 90.0, "y": 0.0, "z": 0.0}, "scale": {"x": 1.0, "y": 1.0, "z": 1.0}, "offSetUV": null, "tag": "bed_01", "type": "object"}, {"name": "walltiles_decor_01", "position": {"x": 0.0, "y": 1.14999986, "z": -0.00707102}, "rotation": {"x": 90.0, "y": 0.0, "z": 0.0}, "scale": {"x": 1.0, "y": 1.0, "z": 1.0}, "offSetUV": null, "tag": "shower_01", "type": "object"}, {"name": "walltiles_simple_01", "position": {"x": 0.0, "y": 1.14999986, "z": -0.00707102}, "rotation": {"x": 90.0, "y": 0.0, "z": 0.0}, "scale": {"x": 1.0, "y": 1.0, "z": 1.0}, "offSetUV": null, "tag": "shower_01", "type": "object"}, {"name": "hdr_a001_rdc_north", "position": {"x": -7.62560797, "y": 1.41529655, "z": -8.32376671}, "rotation": {"x": 0.0, "y": 41.14, "z": 360.0}, "scale": {"x": 0.01, "y": 0.01, "z": 0.01}, "offSetUV": null, "tag": "living_01", "type": "hdr"}, {"name": "boheme_washbasin_sanijura_bonnie", "position": {"x": 5.256392, "y": 0.00099778, "z": 2.17039299}, "rotation": {"x": 0.0, "y": 90.0, "z": 360.0}, "scale": {"x": 1.0, "y": 1.0, "z": 1.0}, "offSetUV": null, "tag": "living_01", "type": "object"}, {"name": "closet_layout_m_01", "position": {"x": 4.86839151, "y": -0.08470321, "z": -0.33076608}, "rotation": {"x": 0.0, "y": 0.0, "z": 0.0}, "scale": {"x": 1.04999995, "y": 1.0, "z": 1.0}, "offSetUV": null, "tag": "living_01", "type": "object"}, {"name": "closet_m_01", "position": {"x": 4.86555147, "y": 0.00098825, "z": 0.03702068}, "rotation": {"x": 0.0, "y": 180.0, "z": 0.0}, "scale": {"x": 1.04999995, "y": 1.0, "z": 1.0}, "offSetUV": null, "tag": "living_01", "type": "object"}, {"name": "light_switch_alcini_eurohm_comete_01", "position": {"x": 3.70518756, "y": 0.01029611, "z": -0.26676607}, "rotation": {"x": 0.0, "y": 90.0, "z": 360.0}, "scale": {"x": 1.0, "y": 1.0, "z": 1.0}, "offSetUV": null, "tag": "living_01", "type": "object"}, {"name": "light_switch_alcini_eurohm_comete_02", "position": {"x": 5.66239214, "y": 0.00099778, "z": 0.26923394}, "rotation": {"x": 360.0, "y": 90.0, "z": 0.0}, "scale": {"x": 1.0, "y": 1.0, "z": 1.0}, "offSetUV": null, "tag": "living_01", "type": "object"}, {"name": "light_switch_alcini_eurohm_comete_03", "position": {"x": 4.8443923, "y": 0.00099874, "z": 1.57223392}, "rotation": {"x": 0.0, "y": 180.0, "z": 0.0}, "scale": {"x": 1.0, "y": 1.0, "z": 1.0}, "offSetUV": null, "tag": "living_01", "type": "object"}, {"name": "light_switch_alcini_eurohm_comete_04", "position": {"x": 2.86539197, "y": 0.00099683, "z": 1.82523394}, "rotation": {"x": 360.0, "y": 90.0, "z": 0.0}, "scale": {"x": 1.0, "y": 1.0, "z": 1.0}, "offSetUV": null, "tag": "living_01", "type": "object"}, {"name": "light_switch_alcini_eurohm_comete_05", "position": {"x": 2.07539201, "y": -0.45370364, "z": 3.64723396}, "rotation": {"x": 345.0, "y": 0.0, "z": 0.0}, "scale": {"x": 1.0, "y": 1.0, "z": 1.0}, "offSetUV": null, "tag": "living_01", "type": "object"}, {"name": "light_switch_alcini_eurohm_comete_06", "position": {"x": 0.06939197, "y": -0.45370364, "z": 3.64723396}, "rotation": {"x": 0.0, "y": 0.0, "z": 0.0}, "scale": {"x": 1.0, "y": 1.0, "z": 1.0}, "offSetUV": null, "tag": "living_01", "type": "object"}, {"name": "loubes_demo_boheme_bathfurniture_sanijura_halo800", "position": {"x": 5.25739145, "y": -2.62e-06, "z": 2.17039299}, "rotation": {"x": 0.0, "y": 90.0, "z": 360.0}, "scale": {"x": 1.0, "y": 1.0, "z": 1.0}, "offSetUV": null, "tag": "living_01", "type": "object"}, {"name": "loubes_demo_tap_boheme_sanijura_halo800", "position": {"x": 5.25739145, "y": -2.62e-06, "z": 2.17039299}, "rotation": {"x": 0.0, "y": 90.0, "z": 360.0}, "scale": {"x": 1.0, "y": 1.0, "z": 1.0}, "offSetUV": null, "tag": "living_01", "type": "object"}, {"name": "plug_alcini_eurohm_comete_01", "position": {"x": 4.93139219, "y": -0.00070357, "z": 1.57123375}, "rotation": {"x": 0.0, "y": 180.0, "z": 0.0}, "scale": {"x": 1.0, "y": 1.0, "z": 1.0}, "offSetUV": null, "tag": "living_01", "type": "object"}, {"name": "plug_alcini_eurohm_comete_02", "position": {"x": 5.37339163, "y": 0.07529664, "z": -1.29576612}, "rotation": {"x": 0.0, "y": 90.0, "z": 360.0}, "scale": {"x": 1.0, "y": 1.0, "z": 1.0}, "offSetUV": null, "tag": "living_01", "type": "object"}, {"name": "plug_alcini_eurohm_comete_03", "position": {"x": -0.35260797, "y": -0.83470321, "z": 0.39523387}, "rotation": {"x": 0.0, "y": 0.0, "z": 0.0}, "scale": {"x": 1.0, "y": 1.0, "z": 1.0}, "offSetUV": null, "tag": "living_01", "type": "object"}, {"name": "plug_alcini_eurohm_comete_04", "position": {"x": 4.73339224, "y": -0.83470321, "z": -3.2847662}, "rotation": {"x": 0.0, "y": 90.0, "z": 360.0}, "scale": {"x": 1.0, "y": 1.0, "z": 1.0}, "offSetUV": null, "tag": "living_01", "type": "object"}, {"name": "plug_alcini_eurohm_comete_05", "position": {"x": 4.99539232, "y": -0.83470321, "z": 1.50980353}, "rotation": {"x": 0.0, "y": 0.0, "z": 0.0}, "scale": {"x": 1.0, "y": 1.0, "z": 1.0}, "offSetUV": null, "tag": "living_01", "type": "object"}, {"name": "plug_alcini_eurohm_comete_06", "position": {"x": -0.03460801, "y": -0.83470321, "z": 0.45623398}, "rotation": {"x": 0.0, "y": 180.0, "z": 0.0}, "scale": {"x": 1.0, "y": 1.0, "z": 1.0}, "offSetUV": null, "tag": "living_01", "type": "object"}, {"name": "ramp_window_01", "position": {"x": -0.75925803, "y": 0.00099778, "z": -2.8015399}, "rotation": {"x": 0.0, "y": 270.0, "z": 360.0}, "scale": {"x": 2.57999992, "y": 1.0, "z": 1.0}, "offSetUV": null, "tag": "living_01", "type": "object"}, {"name": "scandi_entrance_lamp", "position": {"x": 4.66639185, "y": 2.5009954, "z": 0.78423405}, "rotation": {"x": 180.0, "y": 360.0, "z": 0.0}, "scale": {"x": 1.0, "y": 0.79400003, "z": 1.0}, "offSetUV": null, "tag": "living_01", "type": "object"}, {"name": "scandi_living_armchair", "position": {"x": 2.60239196, "y": 0.00099874, "z": -1.25876606}, "rotation": {"x": 0.0, "y": 240.38, "z": 0.0}, "scale": {"x": 1.0, "y": 1.0, "z": 1.0}, "offSetUV": null, "tag": "living_01", "type": "object"}, {"name": "scandi_living_ceiling_lamp", "position": {"x": 0.85439205, "y": 2.50099802, "z": -1.77276611}, "rotation": {"x": 180.0, "y": 0.0, "z": 0.0}, "scale": {"x": 0.89999998, "y": 0.89999998, "z": 0.89999998}, "offSetUV": null, "tag": "living_01", "type": "object"}, {"name": "scandi_living_dining_lamp", "position": {"x": 3.437392, "y": 2.50099802, "z": -2.59276628}, "rotation": {"x": 180.0, "y": 270.0, "z": 360.0}, "scale": {"x": 0.89999998, "y": 0.89999998, "z": 0.89999998}, "offSetUV": null, "tag": "living_01", "type": "object"}, {"name": "scandi_living_floor_lamp", "position": {"x": -0.49760807, "y": -2.62e-06, "z": 0.07423401}, "rotation": {"x": 360.0, "y": 311.79, "z": 0.0}, "scale": {"x": 1.0, "y": 1.0, "z": 1.0}, "offSetUV": null, "tag": "living_01", "type": "object"}, {"name": "scandi_living_plant", "position": {"x": 2.36539197, "y": -2.62e-06, "z": 0.03523135}, "rotation": {"x": 0.0, "y": 0.0, "z": 0.0}, "scale": {"x": 1.0, "y": 1.0, "z": 1.0}, "offSetUV": null, "tag": "living_01", "type": "object"}, {"name": "scandi_living_shelf", "position": {"x": 3.55739188, "y": 0.8502965, "z": -3.62575102}, "rotation": {"x": 0.0, "y": 180.0, "z": 0.0}, "scale": {"x": 1.0, "y": 1.0, "z": 1.0}, "offSetUV": null, "tag": "living_01", "type": "object"}, {"name": "scandi_living_sofa", "position": {"x": 0.90239191, "y": -1.67e-06, "z": -2.33276606}, "rotation": {"x": 180.0, "y": 180.0, "z": 0.0}, "scale": {"x": -1.0, "y": -1.0, "z": -1.0}, "offSetUV": null, "tag": "living_01", "type": "object"}, {"name": "scandi_living_tv", "position": {"x": 0.98039198, "y": -2.62e-06, "z": 0.39623356}, "rotation": {"x": 360.0, "y": 0.0, "z": 360.0}, "scale": {"x": 1.0, "y": 1.0, "z": 1.0}, "offSetUV": null, "tag": "living_01", "type": "object"}, {"name": "scandi_parent_armchair", "position": {"x": -0.43558383, "y": -1.67e-06, "z": 0.95474958}, "rotation": {"x": 0.0, "y": 180.01, "z": 0.0}, "scale": {"x": 1.0, "y": 1.0, "z": 1.0}, "offSetUV": null, "tag": "living_01", "type": "object"}, {"name": "scandi_parent_bed", "position": {"x": 1.07439196, "y": -2.62e-06, "z": 3.64801979}, "rotation": {"x": 0.0, "y": 0.0, "z": 0.0}, "scale": {"x": 1.0, "y": 1.0, "z": 1.0}, "offSetUV": null, "tag": "living_01", "type": "object"}, {"name": "scandi_parent_dresser", "position": {"x": 0.97639203, "y": -1.67e-06, "z": 0.44823384}, "rotation": {"x": 0.0, "y": 180.08, "z": 0.0}, "scale": {"x": 1.0, "y": 1.0, "z": 1.0}, "offSetUV": null, "tag": "living_01", "type": "object"}, {"name": "scandi_terrace_deckchair", "position": {"x": -4.78960848, "y": -0.0490005, "z": -1.87276626}, "rotation": {"x": 360.0, "y": 252.98, "z": 0.0}, "scale": {"x": 1.0, "y": 1.0, "z": 1.0}, "offSetUV": null, "tag": "living_01", "type": "object"}, {"name": "scandi_terrace_deckchair_01", "position": {"x": -4.78960848, "y": -0.0490005, "z": -0.5887661}, "rotation": {"x": 360.0, "y": 252.98, "z": 0.0}, "scale": {"x": 1.0, "y": 1.0, "z": 1.0}, "offSetUV": null, "tag": "living_01", "type": "object"}, {"name": "scandi_terrace_lamp", "position": {"x": -1.58960795, "y": -2.62e-06, "z": 0.51723385}, "rotation": {"x": 0.0, "y": 90.0, "z": 360.0}, "scale": {"x": 1.0, "y": 1.0, "z": 1.0}, "offSetUV": null, "tag": "living_01", "type": "object"}, {"name": "scandi_terrace_plant", "position": {"x": -1.94260812, "y": -0.05000091, "z": 3.32923412}, "rotation": {"x": 0.0, "y": 0.0, "z": 0.0}, "scale": {"x": 1.0, "y": 1.0, "z": 1.0}, "offSetUV": null, "tag": "living_01", "type": "object"}, {"name": "scandi_terrace_plant_01", "position": {"x": -5.18460798, "y": -0.04900241, "z": 3.28323364}, "rotation": {"x": 0.0, "y": 0.0, "z": 0.0}, "scale": {"x": 1.0, "y": 1.0, "z": 1.0}, "offSetUV": null, "tag": "living_01", "type": "object"}, {"name": "scandi_terrace_plant_02", "position": {"x": -5.23960829, "y": -0.0490005, "z": -3.42976618}, "rotation": {"x": 0.0, "y": 0.0, "z": 0.0}, "scale": {"x": 1.0, "y": 1.0, "z": 1.0}, "offSetUV": null, "tag": "living_01", "type": "object"}, {"name": "scandi_terrace_plant_03", "position": {"x": -1.85060811, "y": -0.0490005, "z": -3.37176609}, "rotation": {"x": 0.0, "y": 0.0, "z": 0.0}, "scale": {"x": 1.0, "y": 1.0, "z": 1.0}, "offSetUV": null, "tag": "living_01", "type": "object"}, {"name": "scandi_terrace_sofa", "position": {"x": -3.53960824, "y": -0.05000091, "z": 2.62623405}, "rotation": {"x": 0.0, "y": 0.0, "z": 0.0}, "scale": {"x": 1.0, "y": 1.0, "z": 1.0}, "offSetUV": null, "tag": "living_01", "type": "object"}, {"name": "scandi_terrace_table", "position": {"x": -2.42460799, "y": -7.2e-07, "z": -0.89476609}, "rotation": {"x": 0.0, "y": 0.0, "z": 0.0}, "scale": {"x": 1.0, "y": 1.0, "z": 1.0}, "offSetUV": null, "tag": "living_01", "type": "object"}, {"name": "shower_loubes_demo_1200_inox_brushed", "position": {"x": 3.28839183, "y": 0.00099683, "z": 3.45379734}, "rotation": {"x": 180.0, "y": 0.0, "z": 0.0}, "scale": {"x": -1.02999997, "y": -1.0, "z": -1.0}, "offSetUV": null, "tag": "living_01", "type": "object"}, {"name": "towelwarmer_progereal_01", "position": {"x": 4.17639208, "y": 0.00099683, "z": 3.77860832}, "rotation": {"x": 360.0, "y": 0.0, "z": 360.0}, "scale": {"x": 1.0, "y": 1.0, "z": 1.0}, "offSetUV": null, "tag": "living_01", "type": "object"}, {"name": "wc_jacobdelafon_eolia_01", "position": {"x": 4.80139208, "y": 0.00099683, "z": 3.77855825}, "rotation": {"x": 0.0, "y": 0.0, "z": 0.0}, "scale": {"x": 1.0, "y": 1.0, "z": 1.0}, "offSetUV": null, "tag": "living_01", "type": "object"}, {"name": "scandi_living_dining_table_s", "position": {"x": 3.437392, "y": -1.67e-06, "z": -2.58776617}, "rotation": {"x": 0.0, "y": 0.0, "z": 0.0}, "scale": {"x": 1.0, "y": 1.0, "z": 1.0}, "offSetUV": null, "tag": "living_01", "type": "object"}, {"name": "camera_living_01_wallpaint_01", "position": {"x": 2.64039207, "y": 1.41529655, "z": -2.02876616}, "rotation": {"x": 4.71, "y": 3.14, "z": 5.91}, "target": {"x": 2.27711487, "y": 1.41529655, "z": -1.097085}, "fov": 1.04719758, "tag": "living_01", "type": "camera"}, {"name": "camera_bed_01_wallpaint_02", "position": {"x": 1.82039189, "y": 1.41529655, "z": 1.08923388}, "rotation": {"x": 4.71, "y": 3.14, "z": 5.91}, "target": {"x": 1.45711458, "y": 1.41529655, "z": 2.02091503}, "fov": 1.04719758, "tag": "bed_01", "type": "camera"}, {"name": "camera_hall_01_main", "position": {"x": 2.98039198, "y": 1.41529655, "z": 1.06823397}, "rotation": {"x": 1.57, "y": 6.28, "z": 1.16}, "target": {"x": 3.89747453, "y": 1.41529655, "z": 0.66953671}, "fov": 1.04719758, "tag": "hall_01", "type": "camera"}, {"name": "camera_terrace_01_main", "position": {"x": -2.03760791, "y": 1.41529655, "z": 0.93223381}, "rotation": {"x": 1.57, "y": 6.28, "z": 5.8}, "target": {"x": -2.50054383, "y": 1.41529667, "z": 0.04584205}, "fov": 1.04719758, "tag": "terrace_01", "type": "camera"}, {"name": "camera_shower_01_main", "position": {"x": 3.64439178, "y": 1.41529655, "z": 2.09723377}, "rotation": {"x": 5.38, "y": 3.8, "z": 1.43}, "target": {"x": 4.63440132, "y": 1.32814121, "z": 2.20807147}, "fov": 1.04719758, "tag": "shower_01", "type": "camera"}, {"name": "camera_bed_01_main", "position": {"x": 2.404392, "y": 1.41529655, "z": 1.17623377}, "rotation": {"x": 4.71, "y": 3.14, "z": 5.13}, "target": {"x": 1.49080586, "y": 1.41529667, "z": 1.58287895}, "fov": 1.04719758, "tag": "bed_01", "type": "camera"}, {"name": "camera_shower_01_walltiles", "position": {"x": 4.42439222, "y": 1.41529655, "z": 2.44723415}, "rotation": {"x": 4.71, "y": 3.14, "z": 4.9}, "target": {"x": 3.44190955, "y": 1.41529667, "z": 2.63358784}, "fov": 1.04719758, "tag": "shower_01", "type": "camera"}, {"name": "camera_living_01_main", "position": {"x": 3.01139188, "y": 1.41529655, "z": -0.41676617}, "rotation": {"x": 1.57, "y": 6.28, "z": 5.15}, "target": {"x": 2.10509109, "y": 1.41529667, "z": -0.83939934}, "fov": 1.04719758, "tag": "living_01", "type": "camera"}, {"name": "camera_aerial_main", "position": {"x": -6.50560808, "y": 9.8952961, "z": -9.2137661}, "rotation": {"x": 5.49, "y": 3.51, "z": 0.4}, "target": {"x": -6.11448574, "y": 9.25250912, "z": -8.55509472}, "fov": 1.04719758, "tag": "global", "type": "camera"}, {"name": "camera_kitchen_01_main_01", "position": {"x": 2.42439198, "y": 1.41529655, "z": -0.9637661}, "rotation": {"x": 1.24, "y": 5.97, "z": 1.3}, "target": {"x": 3.38664222, "y": 1.32814074, "z": -1.22160017}, "fov": 1.04719758, "tag": "kitchen_01", "type": "camera"}, {"name": "compass", "position": {"x": 1.42439222, "y": -0.08344162, "z": -0.28667355}, "rotation": {"x": 0.0, "y": 45.0, "z": 360.0}, "scale": {"x": 13.08500004, "y": 13.08500004, "z": 13.08500004}, "offSetUV": null, "tag": "compass", "type": "object"}, {"name": "scandi_kitchen_2hotspots_60_01", "position": {"x": 5.39373827, "y": 0.0, "z": -0.64732504}, "rotation": {"x": 0.0, "y": 90.0, "z": 0.0}, "scale": {"x": 1.0, "y": 1.0, "z": 1.0}, "offSetUV": {"meshName": "scandi_kitchen_2hotspots_worktop", "offSet": {"x": 0.0, "y": 0.0}}, "tag": "kitchen_01", "type": "object"}, {"name": "scandi_kitchen_45_01", "position": {"x": 5.39373827, "y": 0.0, "z": -1.24732506}, "rotation": {"x": 0.0, "y": 90.0, "z": 0.0}, "scale": {"x": 1.0, "y": 1.0, "z": 1.0}, "offSetUV": {"meshName": "scandi_kitchen_45_worktop", "offSet": {"x": -0.6, "y": 0.0}}, "tag": "kitchen_01", "type": "object"}, {"name": "scandi_kitchen_deco_01", "position": {"x": 5.39373827, "y": 0.0, "z": -1.15253496}, "rotation": {"x": 0.0, "y": 90.0, "z": 0.0}, "scale": {"x": 1.0, "y": 1.0, "z": 1.0}, "offSetUV": null, "tag": "kitchen_01", "type": "object"}, {"name": "scandi_kitchen_led_45_01", "position": {"x": 5.39373827, "y": 0.0, "z": -1.24732506}, "rotation": {"x": 0.0, "y": 90.0, "z": 0.0}, "scale": {"x": 1.0, "y": 1.0, "z": 1.0}, "offSetUV": null, "tag": "kitchen_01", "type": "object"}, {"name": "scandi_kitchen_led_60_01", "position": {"x": 5.39373827, "y": 0.0, "z": -0.64732504}, "rotation": {"x": 0.0, "y": 90.0, "z": 0.0}, "scale": {"x": 1.0, "y": 1.0, "z": 1.0}, "offSetUV": null, "tag": "kitchen_01", "type": "object"}, {"name": "scandi_kitchen_microwave_60_01", "position": {"x": 5.39373827, "y": 0.0, "z": -1.69732499}, "rotation": {"x": 0.0, "y": 90.0, "z": 0.0}, "scale": {"x": 1.0, "y": 1.0, "z": 1.0}, "offSetUV": null, "tag": "kitchen_01", "type": "object"}, {"name": "scandi_kitchen_sink_120_01", "position": {"x": 5.39373827, "y": 0.0, "z": -1.69732499}, "rotation": {"x": 0.0, "y": 90.0, "z": 0.0}, "scale": {"x": 1.0, "y": 1.0, "z": 1.0}, "offSetUV": {"meshName": "scandi_kitchen_sink_worktop", "offSet": {"x": -1.05, "y": 0.0}}, "tag": "kitchen_01", "type": "object"}, {"name": "scandi_kitchen_splashback_45_01", "position": {"x": 5.39373827, "y": 0.0, "z": -1.24732506}, "rotation": {"x": 0.0, "y": 90.0, "z": 0.0}, "scale": {"x": 1.0, "y": 1.0, "z": 1.0}, "offSetUV": {"meshName": "scandi_kitchen_splashback_45", "offSet": {"x": -1.0, "y": -0.4}}, "tag": "kitchen_01", "type": "object"}, {"name": "scandi_kitchen_splashback_60_01", "position": {"x": 5.39373827, "y": 0.0, "z": -0.64732504}, "rotation": {"x": 0.0, "y": 90.0, "z": 0.0}, "scale": {"x": 1.0, "y": 1.0, "z": 1.0}, "offSetUV": {"meshName": "scandi_kitchen_splashback_60", "offSet": {"x": -0.4, "y": -0.4}}, "tag": "kitchen_01", "type": "object"}, {"name": "scandi_kitchen_wall_45_01", "position": {"x": 5.39373827, "y": 0.0, "z": -1.24732506}, "rotation": {"x": 0.0, "y": 90.0, "z": 0.0}, "scale": {"x": 1.0, "y": 1.0, "z": 1.0}, "offSetUV": null, "tag": "kitchen_01", "type": "object"}, {"name": "scandi_kitchen_wall_60_01", "position": {"x": 5.39373827, "y": 0.0, "z": -0.64732504}, "rotation": {"x": 0.0, "y": 90.0, "z": 0.0}, "scale": {"x": 1.0, "y": 1.0, "z": 1.0}, "offSetUV": null, "tag": "kitchen_01", "type": "object"}, {"name": "scandi_kitchen_wall_60_02", "position": {"x": 5.39373827, "y": 0.0, "z": -2.2973249}, "rotation": {"x": 0.0, "y": 90.0, "z": 0.0}, "scale": {"x": 1.0, "y": 1.0, "z": 1.0}, "offSetUV": null, "tag": "kitchen_01", "type": "object"}, {"name": "scandi_kitchen_splashback_60_02", "position": {"x": 5.39373827, "y": 0.0, "z": -1.69732499}, "rotation": {"x": 0.0, "y": 90.0, "z": 0.0}, "scale": {"x": 1.0, "y": 1.0, "z": 1.0}, "offSetUV": {"meshName": "scandi_kitchen_splashback_061", "offSet": {"x": -0.4, "y": -0.4}}, "tag": "kitchen_01", "type": "object"}, {"name": "scandi_kitchen_splashback_60_03", "position": {"x": 5.39373827, "y": 0.0, "z": -2.2973249}, "rotation": {"x": 0.0, "y": 90.0, "z": 0.0}, "scale": {"x": 1.0, "y": 1.0, "z": 1.0}, "offSetUV": {"meshName": "scandi_kitchen_splashback_062", "offSet": {"x": -0.4, "y": -0.4}}, "tag": "kitchen_01", "type": "object"}, {"name": "scandi_kitchen_led_60_02", "position": {"x": 5.39373827, "y": 0.0, "z": -1.69732499}, "rotation": {"x": 0.0, "y": 90.0, "z": 0.0}, "scale": {"x": 1.0, "y": 1.0, "z": 1.0}, "offSetUV": null, "tag": "kitchen_01", "type": "object"}, {"name": "scandi_kitchen_led_60_03", "position": {"x": 5.39373827, "y": 0.0, "z": -2.2973249}, "rotation": {"x": 0.0, "y": 90.0, "z": 0.0}, "scale": {"x": 1.0, "y": 1.0, "z": 1.0}, "offSetUV": null, "tag": "kitchen_01", "type": "object"}]